<?xml version="1.0" encoding="UTF-8"?>
<Editor version="1.0">
   <File absPath="/MATLAB Drive" lastWrittenTime="1725867153960" name="ok.m">
      <CodeFolds version="1.0"/>
   </File>
   <File absPath="/MATLAB Drive" lastWrittenTime="1725867239674" name="pk.m">
      <CodeFolds version="1.0"/>
   </File>
   <File absPath="/MATLAB Drive" lastWrittenTime="1727076388752" name="pok.m">
      <CodeFolds version="1.0"/>
   </File>
   <File absPath="/MATLAB Drive" lastWrittenTime="1727076412593" name="ij.m">
      <CodeFolds version="1.0"/>
   </File>
   <File absPath="/MATLAB Drive" lastWrittenTime="1727676617191" name="pkhokeya.m">
      <CodeFolds version="1.0"/>
   </File>
   <File absPath="/MATLAB Drive" lastWrittenTime="1728281604897" name="pewpew.m">
      <CodeFolds version="1.0"/>
   </File>
   <File absPath="/MATLAB Drive/donno" lastWrittenTime="1730696807216" name=".m">
      <CodeFolds version="1.0"/>
   </File>
   <File absPath="/MATLAB Drive" lastWrittenTime="1730696830550" name="donno.m">
      <CodeFolds version="1.0"/>
   </File>
   <File absPath="/MATLAB Drive" lastWrittenTime="1733118138574" name="AudioCompression0.m">
      <CodeFolds version="1.0"/>
   </File>
   <File absPath="/MATLAB Drive" lastWrittenTime="1733463594766" name="untitld.m">
      <CodeFolds version="1.0"/>
   </File>
   <File absPath="/MATLAB Drive/CurrencyDetection/scripts" lastWrittenTime="1733679310979" name="fakeCurrencyDetection.m">
      <CodeFolds version="1.0"/>
   </File>
   <File absPath="/MATLAB Drive/CurrencyDetection/results" lastWrittenTime="1733679771409" name="untited.m">
      <CodeFolds version="1.0"/>
   </File>
   <File absPath="/MATLAB Drive/CurrencyDetection/results" lastWrittenTime="1733680664042" name="untitled2.m">
      <CodeFolds version="1.0"/>
   </File>
   <File absPath="/MATLAB Drive/CurrencyDetection/results" lastWrittenTime="1733681781620" name="untitled3.m">
      <CodeFolds version="1.0"/>
   </File>
   <File absPath="/MATLAB Drive/CurrencyDetection" lastWrittenTime="1733682185037" name="untitled.m">
      <CodeFolds version="1.0"/>
   </File>
   <File absPath="/MATLAB Drive/CurrencyDetection" lastWrittenTime="1733684717863" name="untitled2.m">
      <CodeFolds version="1.0"/>
   </File>
   <File absPath="/MATLAB Drive" lastWrittenTime="1733721706844" name="untitled.m">
      <CodeFolds version="1.0"/>
   </File>
   <File absPath="/MATLAB Drive" lastWrittenTime="1736011408877" name="jijboss.m">
      <CodeFolds version="1.0"/>
   </File>
</Editor>